{
    "Attachments": [
        {
            "boneindex": 0,
            "entity": 0,
            "hash": -1430839454,
            "pos_x": 0.23000070452690125,
            "pos_y": 0.0,
            "pos_z": 0.48000049591064453,
            "rot_x": 0.0,
            "rot_y": 0.22999954223632813,
            "rot_z": 0.0
        }
    ],
    "maden": "IIlllllIllIll"
}