{
    "Attachments": [
        {
            "boneindex": 62,
            "entity": 2,
            "hash": 335898267,
            "pos_x": -0.10000000149011612,
            "pos_y": -0.03199999779462814,
            "pos_z": 0.0,
            "rot_x": 0.0,
            "rot_y": 90.0,
            "rot_z": 0.0
        },
        {
            "boneindex": 91,
            "entity": 2,
            "hash": 335898267,
            "pos_x": -0.10000000149011612,
            "pos_y": -0.0279999990016222,
            "pos_z": 0.0,
            "rot_x": 0.0,
            "rot_y": 90.0,
            "rot_z": 0.0
        }
    ],
    "maden": "Hahkr420"
}