{
    "Attachments": [
        {
            "boneindex": 99,
            "entity": 2,
            "hash": -1233322078,
            "pos_x": -0.11000003665685654,
            "pos_y": -4.470348358154297e-08,
            "pos_z": 0.13999998569488525,
            "rot_x": -20.0,
            "rot_y": -64.0,
            "rot_z": 170.0
        }
    ],
    "maden": "Hahkr420"
}