{
    "Attachments": [
        {
            "boneindex": -1,
            "entity": 2,
            "hash": -575692431,
            "pos_x": 0.0,
            "pos_y": -0.20000001788139343,
            "pos_z": 0.20000000298023224,
            "rot_x": 0.0,
            "rot_y": -50.0,
            "rot_z": 0.0
        }
    ],
    "maden": "Hahkr420"
}