{
    "Attachments": [
        {
            "boneindex": 99,
            "entity": 2,
            "hash": -1359959481,
            "pos_x": -0.30000001192092896,
            "pos_y": 0.019999999552965164,
            "pos_z": 0.0,
            "rot_x": -180.0,
            "rot_y": 90.0,
            "rot_z": 0.0
        }
    ],
    "maden": "Hahkr420"
}