{
    "Attachments": [
        {
            "boneindex": 99,
            "entity": 2,
            "hash": 424659621,
            "pos_x": 0.20000000298023224,
            "pos_y": 1.4901161193847656e-08,
            "pos_z": 0.0,
            "rot_x": 0.0,
            "rot_y": 90.0,
            "rot_z": 0.0
        }
    ],
    "maden": "Hahkr420"
}