{
    "Attachments": [
        {
            "boneindex": -1,
            "entity": 2,
            "hash": -1858300370,
            "pos_x": -0.15999998152256012,
            "pos_y": -0.30000001192092896,
            "pos_z": 0.4000000059604645,
            "rot_x": 0.0,
            "rot_y": 40.0,
            "rot_z": 0.0
        },
        {
            "boneindex": -1,
            "entity": 2,
            "hash": -1858300370,
            "pos_x": 0.15999998152256012,
            "pos_y": -0.29999998211860657,
            "pos_z": 0.3999999165534973,
            "rot_x": 0.0,
            "rot_y": 40.0,
            "rot_z": 180.0
        }
    ],
    "maden": "Hahkr420"
}