{
    "Attachments": [
        {
            "boneindex": 0,
            "entity": 2,
            "hash": -112384661,
            "pos_y": -0.10000001639127731,
            "pos_z": -0.8999999761581421,
            "pos_x": 0.0,
            "rot_x": 0.0,
            "rot_y": 0.0,
            "rot_z": 0.0
        }
    ],
    "maden": "IIlllllIllIll"
}